protein,protein
0,383
0,424
0,510
0,544
0,570
0,747
2,337
8,885
10,652
10,964
11,69
11,133
11,393
11,500
13,850
14,478
14,818
17,266
17,353
17,413
17,802
21,393
21,509
21,553
21,834
26,101
26,349
26,351
26,720
28,652
28,922
29,266
29,795
30,277
31,277
32,277
32,756
32,811
33,418
33,791
33,879
33,964
34,78
34,266
34,277
36,35
37,30
37,97
37,277
37,642
38,37
38,277
40,978
41,334
41,922
42,922
43,802
43,954
44,102
44,148
44,177
44,954
45,47
45,48
45,81
45,102
45,224
45,292
45,338
45,339
45,352
45,355
45,365
45,368
45,405
45,420
45,432
45,450
45,554
45,556
45,580
45,616
45,642
45,644
45,653
45,708
45,732
45,832
45,846
45,879
45,889
45,894
45,925
45,936
45,945
45,971
45,985
47,886
48,99
48,148
49,102
49,105
49,121
49,172
49,232
49,237
49,303
49,305
49,337
49,352
49,364
49,368
49,405
49,420
49,427
49,476
49,508
49,556
49,580
49,593
49,595
49,618
49,646
49,647
49,648
49,702
49,762
49,786
49,812
49,814
49,815
49,818
49,834
49,836
49,858
49,892
49,922
49,943
49,971
49,998
50,337
51,41
51,133
51,148
51,266
51,488
51,530
51,552
51,556
51,795
51,814
53,52
54,177
54,277
55,56
56,795
57,619
58,56
58,61
58,145
58,613
58,808
62,337
64,101
64,196
64,197
64,198
64,233
64,237
64,266
64,351
64,399
64,409
64,475
64,476
64,638
64,642
64,706
64,717
64,720
64,795
64,871
64,883
64,894
65,196
65,250
65,578
65,579
65,722
66,140
66,145
66,337
66,580
66,850
67,337
67,351
67,397
67,474
67,701
67,876
67,897
68,67
68,337
68,351
68,397
68,576
68,589
68,717
69,101
69,196
69,197
69,198
69,337
69,351
69,399
69,405
69,717
69,720
70,101
70,196
70,198
70,266
70,267
70,337
70,351
70,399
70,475
70,589
70,650
70,717
70,720
71,266
71,311
71,389
71,475
71,638
71,698
71,829
71,868
72,73
74,72
74,73
75,72
75,73
75,74
75,76
76,72
76,73
76,74
77,72
77,73
77,74
77,75
77,76
80,146
80,449
80,556
80,647
81,135
81,337
81,876
82,497
82,971
84,266
84,405
84,458
85,564
86,69
86,233
86,236
86,276
86,392
86,393
86,399
86,405
86,409
86,413
86,414
86,524
86,576
86,589
86,592
86,638
86,640
86,648
86,696
86,704
86,706
86,708
86,709
86,795
86,883
86,897
86,898
86,904
86,953
86,964
86,978
87,311
87,367
87,472
87,516
87,604
87,646
87,665
87,883
88,821
89,409
89,829
90,198
94,101
94,720
96,506
97,478
97,752
99,6
99,64
99,68
99,79
99,86
99,100
99,101
99,175
99,182
99,186
99,196
99,230
99,232
99,233
99,236
99,237
99,243
99,253
99,276
99,300
99,334
99,335
99,337
99,338
99,341
99,349
99,351
99,356
99,374
99,375
99,383
99,392
99,393
99,399
99,405
99,409
99,410
99,437
99,450
99,456
99,499
99,520
99,521
99,522
99,526
99,528
99,552
99,553
99,556
99,557
99,558
99,570
99,571
99,581
99,589
99,592
99,593
99,596
99,598
99,637
99,638
99,639
99,642
99,653
99,663
99,671
99,692
99,696
99,698
99,703
99,708
99,712
99,713
99,716
99,717
99,720
99,721
99,764
99,771
99,773
99,793
99,795
99,812
99,813
99,836
99,839
99,841
99,844
99,848
99,854
99,871
99,882
99,883
99,931
99,942
99,951
99,953
99,964
100,64
100,101
100,196
100,233
100,337
100,351
100,392
100,499
100,506
100,532
100,558
100,638
100,642
100,717
100,720
100,750
100,764
100,771
100,818
100,839
100,844
100,848
100,868
100,875
100,964
102,64
102,67
102,69
102,70
102,81
102,86
102,94
102,99
102,100
102,101
102,117
102,121
102,176
102,177
102,181
102,187
102,196
102,233
102,234
102,253
102,266
102,273
102,274
102,292
102,300
102,301
102,302
102,304
102,322
102,327
102,328
102,332
102,337
102,338
102,339
102,341
102,342
102,344
102,351
102,353
102,356
102,363
102,368
102,383
102,392
102,393
102,397
102,399
102,405
102,407
102,409
102,413
102,415
102,417
102,418
102,427
102,428
102,429
102,432
102,435
102,445
102,449
102,450
102,453
102,456
102,458
102,462
102,475
102,478
102,491
102,522
102,531
102,541
102,542
102,550
102,552
102,554
102,555
102,558
102,563
102,564
102,565
102,570
102,576
102,580
102,581
102,588
102,589
102,592
102,593
102,595
102,596
102,609
102,616
102,619
102,634
102,635
102,637
102,638
102,639
102,648
102,651
102,653
102,656
102,663
102,667
102,684
102,690
102,692
102,695
102,696
102,697
102,698
102,701
102,703
102,704
102,706
102,707
102,708
102,716
102,717
102,720
102,723
102,729
102,732
102,737
102,738
102,739
102,755
102,756
102,762
102,767
102,772
102,773
102,782
102,785
102,793
102,799
102,808
102,810
102,834
102,836
102,837
102,842
102,846
102,851
102,859
102,864
102,868
102,871
102,879
102,880
102,882
102,883
102,886
102,893
102,894
102,895
102,897
102,901
102,906
102,907
102,920
102,922
102,925
102,926
102,927
102,929
102,932
102,945
102,946
102,948
102,949
102,952
102,962
102,964
102,971
102,975
102,978
102,988
102,995
102,998
102,1002
103,746
104,232
104,532
104,872
105,86
105,317
105,392
105,413
105,628
105,854
105,964
106,619
106,631
106,740
108,86
108,99
108,102
108,117
108,175
108,233
108,308
108,318
108,319
108,327
108,368
108,374
108,383
108,392
108,393
108,398
108,399
108,406
108,409
108,429
108,541
108,557
108,560
108,589
108,592
108,596
108,608
108,609
108,623
108,638
108,649
108,669
108,684
108,698
108,700
108,715
108,829
108,832
108,834
108,851
108,901
108,908
108,942
108,960
108,1002
109,80
109,177
109,409
109,650
109,837
110,376
110,556
110,794
112,144
112,180
112,238
112,410
112,698
112,858
113,472
114,65
114,113
114,650
117,64
117,71
117,99
117,127
117,145
117,177
117,181
117,185
117,188
117,232
117,237
117,238
117,253
117,266
117,267
117,290
117,320
117,327
117,332
117,337
117,341
117,344
117,353
117,356
117,369
117,375
117,376
117,393
117,394
117,397
117,398
117,405
117,432
117,453
117,468
117,475
117,489
117,491
117,493
117,521
117,553
117,558
117,563
117,564
117,566
117,580
117,581
117,583
117,592
117,593
117,596
117,619
117,621
117,622
117,637
117,638
117,642
117,646
117,663
117,667
117,690
117,696
117,703
117,704
117,708
117,713
117,721
117,732
117,751
117,812
117,818
117,836
117,854
117,869
117,879
117,882
117,891
117,893
117,904
117,912
117,922
117,925
117,943
117,960
117,962
117,1002
117,1009
119,471
119,795
121,119
121,120
124,125
125,399
125,409
125,871
128,1002
129,369
129,412
129,431
129,593
129,644
129,669
129,682
129,700
129,708
129,727
131,130
132,140
132,802
133,132
133,140
133,566
133,864
134,130
134,131
134,133
134,795
135,253
135,405
135,581
135,637
135,703
135,864
135,879
135,925
136,789
136,897
137,405
140,869
142,312
142,488
142,768
143,66
143,217
143,232
143,238
143,556
143,795
143,800
143,809
143,999
144,622
144,922
144,934
145,229
145,310
145,707
146,552
147,163
148,337
149,552
149,795
151,158
151,159
151,163
151,580
151,795
151,985
152,698
153,78
153,155
153,229
153,703
154,985
155,159
156,13
156,159
158,159
158,163
159,163
159,266
159,795
160,795
161,229
161,506
161,959
162,163
163,334
163,795
169,783
169,960
170,170
170,472
170,530
170,639
170,639
170,772
170,803
170,829
170,829
170,924
170,924
172,117
172,253
172,266
172,311
172,337
172,369
172,561
172,638
172,692
172,702
172,815
175,101
175,253
175,337
175,351
175,399
175,405
175,596
175,638
175,642
175,717
175,718
175,720
176,101
176,196
176,337
176,351
176,795
176,945
177,6
177,64
177,65
177,86
177,101
177,176
177,178
177,181
177,197
177,233
177,239
177,253
177,255
177,299
177,324
177,335
177,337
177,351
177,356
177,374
177,383
177,393
177,399
177,401
177,405
177,409
177,450
177,459
177,475
177,483
177,493
177,520
177,521
177,522
177,529
177,560
177,563
177,574
177,575
177,576
177,596
177,598
177,638
177,650
177,663
177,698
177,699
177,704
177,708
177,717
177,720
177,731
177,755
177,813
177,822
177,844
177,883
177,943
177,983
178,395
179,646
179,781
180,182
180,306
180,337
180,409
180,563
181,227
181,290
181,337
181,645
181,652
181,706
181,721
181,779
181,945
182,330
182,337
182,405
182,879
182,925
183,181
183,253
183,266
183,356
183,368
183,384
183,631
183,638
183,644
183,645
183,652
183,663
183,706
183,708
183,732
183,812
183,841
183,894
183,902
183,907
183,988
184,292
184,338
184,356
184,554
184,703
184,879
184,925
185,181
185,330
185,337
185,405
185,409
185,581
185,637
185,639
185,642
185,703
185,879
185,905
185,925
186,81
186,266
186,337
186,338
186,341
186,344
186,432
186,642
186,703
186,879
186,925
186,944
187,9
187,131
187,134
187,253
187,337
187,356
187,392
187,405
187,407
187,437
187,440
187,486
187,566
187,581
187,638
187,703
187,732
187,745
187,813
188,337
188,405
189,182
189,224
189,330
189,405
189,703
189,742
189,879
191,193
191,204
191,337
191,871
192,62
192,563
192,962
193,204
194,752
195,82
196,94
196,101
196,197
196,198
196,299
196,327
196,328
196,337
196,349
196,351
196,401
196,717
196,720
196,883
196,987
197,94
197,101
197,327
197,328
197,337
197,349
197,351
197,717
198,94
198,328
198,349
202,554
203,193
203,204
204,205
206,197
206,795
207,81
207,205
207,395
207,446
207,506
207,586
207,624
207,888
213,829
214,196
214,301
214,409
214,698
214,813
214,874
215,823
216,306
216,802
218,179
219,133
219,452
219,556
219,738
220,105
220,587
220,827
221,638
221,678
221,703
221,873
224,188
224,267
224,337
224,475
224,500
224,580
224,639
224,703
224,732
224,894
224,945
225,398
225,813
225,988
226,337
231,99
231,117
231,132
232,237
232,500
232,662
232,679
232,820
232,876
233,101
233,196
233,197
233,198
233,234
233,235
233,299
233,328
233,337
233,351
233,589
233,717
233,720
233,897
233,898
234,101
234,196
234,197
234,198
234,351
234,500
234,717
235,196
235,197
235,198
235,351
235,717
235,720
235,897
236,276
236,409
236,418
236,648
236,650
236,829
236,907
238,232
238,237
238,679
238,829
240,356
241,764
244,117
244,213
244,392
248,592
248,848
249,238
250,266
250,579
251,762
252,103
253,28
253,101
253,181
253,188
253,196
253,235
253,236
253,276
253,328
253,351
253,405
253,409
253,417
253,475
253,480
253,492
253,642
253,662
253,709
253,773
253,777
253,847
253,871
253,879
253,894
253,907
253,922
253,953
253,972
253,981
257,367
257,619
260,392
260,619
261,703
262,264
265,886
266,28
266,40
266,41
266,94
266,127
266,181
266,188
266,198
266,236
266,267
266,299
266,337
266,349
266,399
266,409
266,417
266,478
266,480
266,482
266,486
266,489
266,531
266,532
266,581
266,646
266,652
266,720
266,732
266,847
266,850
266,879
266,905
266,907
266,935
266,955
266,971
266,985
267,127
267,236
267,405
267,493
267,502
267,580
267,668
267,706
267,795
267,847
267,879
269,25
269,117
269,132
269,181
269,231
269,337
269,465
269,542
269,566
269,638
269,681
270,271
270,632
270,885
270,1000
271,311
271,405
271,500
271,632
271,885
271,978
273,266
273,274
273,592
274,882
276,409
276,649
277,196
280,102
280,117
280,266
280,267
280,311
280,324
280,337
280,375
280,383
280,399
280,510
280,520
280,540
280,553
280,681
280,829
280,834
280,836
280,854
280,868
280,879
283,99
283,793
284,104
285,897
290,500
290,591
292,266
292,267
292,337
292,341
292,383
292,393
292,395
292,399
292,405
292,408
292,409
292,459
292,463
292,493
292,576
292,591
292,596
292,650
292,696
292,703
292,708
292,717
292,721
292,732
292,772
292,902
292,906
292,945
292,951
292,953
292,995
296,392
296,712
296,795
299,101
300,9
300,224
300,266
300,292
300,311
300,384
300,392
300,397
300,405
300,409
300,443
300,450
300,475
300,561
300,563
300,576
300,580
300,589
300,596
300,631
300,632
300,645
300,655
300,696
300,700
300,704
300,773
300,841
300,864
300,883
300,897
300,904
300,907
300,945
300,995
301,82
301,300
301,491
301,531
301,553
301,697
302,187
302,266
302,437
302,484
302,835
302,993
303,107
303,190
303,266
303,329
303,355
303,356
303,375
303,446
303,520
303,521
303,524
303,532
303,552
303,569
303,596
303,663
303,732
303,762
303,812
303,813
303,848
303,960
303,1020
304,399
306,417
306,502
306,988
307,253
307,313
307,348
307,854
308,649
308,715
308,803
309,904
311,403
311,712
311,869
311,972
311,978
314,409
314,524
314,553
314,592
314,663
314,829
315,262
318,86
318,300
318,392
318,398
318,404
318,405
318,409
318,412
318,450
318,589
318,617
318,688
318,692
318,706
318,766
318,829
318,834
318,897
319,70
319,181
319,253
319,266
319,290
319,292
319,311
319,342
319,356
319,367
319,384
319,392
319,397
319,399
319,405
319,409
319,418
319,429
319,475
319,478
319,592
319,607
319,609
319,638
319,663
319,696
319,697
319,704
319,706
319,721
319,822
319,851
319,876
319,901
319,1004
320,829
321,472
321,883
322,28
322,29
322,177
322,370
322,375
322,386
322,402
322,413
322,553
322,578
322,586
322,619
322,647
322,726
322,751
322,791
322,897
323,409
324,69
324,103
324,125
324,266
324,337
324,399
324,483
324,532
324,638
324,847
325,383
326,209
326,266
327,101
327,351
327,717
327,720
327,844
328,101
328,351
328,409
328,717
328,720
329,266
329,337
330,774
331,765
331,795
332,409
332,729
332,779
332,906
334,876
336,5
336,45
336,86
336,99
336,100
336,102
336,117
336,135
336,184
336,185
336,186
336,280
336,300
336,316
336,337
336,339
336,341
336,356
336,360
336,364
336,368
336,369
336,383
336,388
336,392
336,397
336,398
336,409
336,424
336,425
336,429
336,440
336,444
336,542
336,552
336,553
336,554
336,564
336,566
336,576
336,580
336,581
336,596
336,607
336,608
336,611
336,616
336,619
336,621
336,623
336,631
336,635
336,645
336,650
336,665
336,669
336,670
336,698
336,703
336,706
336,717
336,738
336,799
336,813
336,834
336,843
336,846
336,847
336,854
336,876
336,883
336,910
336,911
336,912
336,922
336,925
336,978
336,1002
337,78
337,94
337,127
337,299
337,316
337,328
337,332
337,349
337,405
337,407
337,409
337,416
337,493
337,642
337,645
337,646
337,668
337,708
337,802
337,886
337,987
337,995
337,1020
338,181
338,253
338,266
338,341
338,395
338,405
338,570
338,576
338,637
338,638
338,639
338,642
338,648
338,703
338,879
338,925
338,987
339,250
339,266
339,267
339,290
339,332
339,341
339,356
339,368
339,374
339,405
339,409
339,443
339,475
339,522
339,542
339,554
339,576
339,638
339,642
339,698
339,729
339,732
339,907
339,910
339,932
339,951
340,161
340,383
340,573
341,81
341,125
341,253
341,267
341,337
341,405
341,408
341,409
341,573
341,580
341,596
341,638
341,639
341,642
341,667
341,703
341,848
341,905
341,922
341,987
342,28
342,53
342,71
342,99
342,117
342,177
342,187
342,188
342,253
342,338
342,355
342,368
342,375
342,383
342,392
342,399
342,405
342,409
342,436
342,450
342,475
342,515
342,520
342,521
342,531
342,552
342,554
342,555
342,576
342,579
342,638
342,641
342,644
342,656
342,691
342,692
342,704
342,706
342,707
342,717
342,726
342,732
342,767
342,772
342,820
342,834
342,847
342,852
342,881
342,882
342,893
342,894
342,919
342,953
342,988
343,337
343,341
343,368
343,554
343,637
343,703
343,883
344,181
344,185
344,290
344,330
344,337
344,405
344,407
344,409
344,639
344,642
344,644
344,645
344,646
344,703
344,708
344,879
346,383
346,392
346,393
346,399
346,758
346,862
348,177
348,313
348,394
348,442
348,553
348,695
349,101
349,589
351,94
351,101
351,299
351,349
351,720
352,29
352,99
352,102
352,117
352,177
352,181
352,183
352,188
352,196
352,224
352,233
352,237
352,266
352,267
352,271
352,290
352,292
352,293
352,300
352,318
352,327
352,337
352,339
352,342
352,344
352,355
352,356
352,362
352,364
352,368
352,369
352,375
352,392
352,395
352,405
352,409
352,412
352,429
352,431
352,441
352,447
352,450
352,454
352,465
352,475
352,480
352,493
352,522
352,524
352,532
352,548
352,552
352,559
352,561
352,563
352,565
352,570
352,580
352,581
352,589
352,592
352,596
352,607
352,611
352,612
352,619
352,621
352,637
352,638
352,639
352,641
352,644
352,645
352,652
352,659
352,667
352,669
352,671
352,682
352,684
352,687
352,692
352,696
352,697
352,698
352,703
352,708
352,720
352,767
352,768
352,772
352,773
352,782
352,820
352,834
352,836
352,839
352,841
352,847
352,851
352,874
352,876
352,889
352,892
352,893
352,906
352,907
352,910
352,912
352,922
352,936
352,948
352,953
352,960
352,980
352,988
352,999
352,1002
353,23
353,399
353,405
353,648
353,954
354,99
354,101
354,102
354,266
354,337
354,351
354,356
354,368
354,399
354,429
354,459
354,553
354,706
354,834
354,883
355,86
355,99
355,101
355,175
355,176
355,178
355,213
355,236
355,248
355,273
355,302
355,337
355,341
355,356
355,368
355,370
355,383
355,392
355,395
355,399
355,409
355,413
355,459
355,476
355,553
355,571
355,573
355,576
355,581
355,589
355,592
355,596
355,598
355,626
355,638
355,639
355,648
355,649
355,653
355,668
355,698
355,701
355,703
355,704
355,715
355,720
355,721
355,725
355,738
355,748
355,764
355,847
355,848
355,852
355,854
355,855
355,904
355,912
355,919
355,922
355,953
355,964
355,1014
356,29
356,69
356,70
356,135
356,176
356,181
356,232
356,237
356,266
356,292
356,299
356,330
356,337
356,338
356,341
356,353
356,383
356,392
356,394
356,397
356,405
356,407
356,409
356,410
356,461
356,465
356,493
356,523
356,531
356,561
356,566
356,580
356,588
356,589
356,593
356,596
356,644
356,645
356,648
356,662
356,698
356,708
356,715
356,721
356,732
356,829
356,848
356,876
356,922
356,951
356,952
356,964
356,985
357,14
357,97
357,103
357,104
357,172
357,302
357,303
357,346
357,380
357,385
357,405
357,408
357,411
357,424
357,458
357,459
357,462
357,465
357,472
357,491
357,523
357,560
357,600
357,604
357,712
357,756
357,818
357,834
357,868
357,927
357,982
358,71
358,103
358,117
358,140
358,143
358,183
358,328
358,342
358,355
358,409
358,437
358,500
358,531
358,565
358,593
358,609
358,616
358,621
358,662
358,713
358,772
358,795
358,847
358,848
358,876
358,900
358,922
358,971
359,584
360,290
360,355
360,356
360,368
360,397
360,405
360,409
360,591
360,596
360,706
360,708
360,851
360,889
360,1002
362,125
362,319
362,367
362,409
362,450
362,591
362,607
362,619
362,623
362,660
362,681
362,698
362,732
362,813
362,834
362,876
362,894
362,922
362,978
362,1002
363,86
363,99
363,117
363,175
363,321
363,327
363,328
363,351
363,367
363,368
363,369
363,383
363,386
363,392
363,398
363,399
363,405
363,406
363,429
363,430
363,431
363,450
363,553
363,610
363,611
363,612
363,619
363,638
363,642
363,684
363,706
363,717
363,773
363,834
363,889
363,948
363,1009
364,69
364,181
364,227
364,290
364,342
364,344
364,351
364,369
364,383
364,399
364,431
364,449
364,450
364,493
364,518
364,592
364,611
364,612
364,637
364,639
364,642
364,644
364,645
364,652
364,659
364,706
364,708
364,720
364,751
364,772
364,773
364,889
364,893
364,948
365,181
365,480
365,703
365,795
366,321
366,387
366,472
366,579
366,734
366,834
367,92
367,170
367,311
367,330
367,342
367,368
367,375
367,409
367,441
367,570
367,922
367,941
367,971
368,64
368,67
368,69
368,70
368,94
368,99
368,100
368,101
368,117
368,125
368,135
368,175
368,176
368,177
368,182
368,184
368,186
368,187
368,188
368,189
368,196
368,224
368,233
368,235
368,236
368,238
368,253
368,266
368,267
368,292
368,299
368,301
368,302
368,324
368,330
368,331
368,332
368,337
368,338
368,340
368,346
368,351
368,359
368,369
368,378
368,379
368,380
368,383
368,392
368,393
368,394
368,395
368,397
368,398
368,399
368,405
368,406
368,407
368,409
368,437
368,442
368,450
368,457
368,459
368,465
368,468
368,475
368,478
368,480
368,518
368,522
368,531
368,550
368,552
368,553
368,554
368,560
368,562
368,563
368,564
368,565
368,566
368,570
368,576
368,580
368,581
368,589
368,592
368,593
368,594
368,595
368,616
368,619
368,621
368,625
368,631
368,634
368,637
368,638
368,639
368,640
368,647
368,663
368,665
368,692
368,695
368,696
368,698
368,699
368,703
368,704
368,706
368,708
368,713
368,716
368,729
368,751
368,756
368,813
368,834
368,835
368,842
368,864
368,871
368,879
368,883
368,892
368,893
368,894
368,895
368,896
368,902
368,903
368,922
368,926
368,945
368,946
368,954
368,960
368,983
368,985
368,995
368,999
368,1002
368,1009
368,1020
369,81
369,99
369,125
369,135
369,175
369,180
369,181
369,184
369,185
369,187
369,188
369,227
369,253
369,266
369,290
369,306
369,337
369,344
369,356
369,392
369,405
369,407
369,409
369,437
369,449
369,453
369,468
369,491
369,518
369,554
369,566
369,593
369,595
369,621
369,638
369,644
369,646
369,652
369,695
369,696
369,703
369,708
369,713
369,751
369,835
369,836
369,837
369,864
369,879
369,882
369,893
369,894
369,925
370,359
370,472
371,271
371,749
372,179
374,356
374,377
374,395
374,405
374,566
374,589
374,654
375,292
375,356
375,392
375,408
375,409
375,410
375,521
375,532
375,561
375,562
375,576
375,579
375,580
375,662
375,702
375,822
375,829
375,846
375,883
375,922
375,1002
376,85
376,238
376,392
376,393
376,399
376,405
376,564
376,721
376,862
377,772
378,383
378,393
378,399
378,405
379,392
379,412
379,595
379,897
380,341
380,383
380,393
380,399
380,405
380,581
380,591
380,720
382,393
382,399
383,65
383,69
383,70
383,79
383,125
383,135
383,175
383,232
383,236
383,237
383,253
383,290
383,293
383,323
383,324
383,332
383,351
383,390
383,392
383,393
383,394
383,399
383,401
383,405
383,406
383,407
383,408
383,409
383,410
383,475
383,483
383,491
383,522
383,524
383,529
383,532
383,570
383,574
383,575
383,576
383,589
383,596
383,638
383,643
383,698
383,704
383,706
383,718
383,726
383,742
383,767
383,769
383,822
383,898
383,907
383,911
383,920
383,954
383,960
383,995
384,181
384,266
384,637
384,638
384,704
385,405
385,920
386,405
386,665
388,337
388,499
388,876
389,239
389,392
389,398
389,588
389,651
389,762
389,799
389,839
389,980
389,1010
390,393
390,399
390,491
390,585
390,589
391,398
392,25
392,65
392,89
392,181
392,199
392,227
392,232
392,233
392,234
392,236
392,237
392,238
392,242
392,250
392,253
392,312
392,344
392,353
392,399
392,403
392,405
392,406
392,409
392,412
392,418
392,475
392,491
392,492
392,524
392,576
392,580
392,589
392,637
392,638
392,639
392,644
392,645
392,648
392,652
392,704
392,706
392,708
392,717
392,721
392,772
392,773
392,794
392,818
392,821
392,822
392,841
392,875
392,879
392,883
392,893
392,894
392,896
392,897
392,898
392,907
392,927
392,954
392,980
392,996
392,1010
393,64
393,69
393,125
393,196
393,233
393,237
393,351
393,395
393,399
393,401
393,405
393,408
393,409
393,502
393,529
393,532
393,576
393,589
393,596
393,642
393,650
393,653
393,704
393,708
393,710
393,720
393,761
393,826
393,829
393,871
393,905
393,995
394,64
394,196
394,253
394,324
394,337
394,399
394,405
394,480
394,720
394,795
395,399
395,478
395,531
395,580
395,635
395,637
395,883
395,907
395,963
396,648
397,41
397,237
397,238
397,290
397,398
397,480
397,497
397,638
397,708
397,795
397,820
397,871
397,876
397,907
397,922
397,978
398,308
398,400
398,409
398,529
398,715
398,729
398,843
398,869
398,878
398,964
398,980
399,196
399,330
399,347
399,349
399,405
399,408
399,409
399,413
399,418
399,487
399,529
399,589
399,642
399,643
399,645
399,650
399,652
399,708
399,717
399,721
399,827
399,829
399,847
399,868
399,897
399,906
399,953
399,954
399,995
402,763
402,829
403,405
403,662
404,330
404,407
404,491
404,500
404,829
404,868
405,290
405,330
405,351
405,418
405,493
405,532
405,588
405,642
405,644
405,647
405,653
405,655
405,729
405,763
405,821
405,873
405,897
405,905
405,953
405,954
405,964
405,1020
406,772
407,464
407,499
407,648
407,964
408,418
408,493
408,494
408,589
408,820
408,897
408,995
409,78
409,101
409,237
409,351
409,412
409,415
409,589
409,591
409,648
409,650
409,652
409,653
409,717
409,718
409,720
409,723
409,725
409,821
409,876
409,886
409,899
409,907
409,953
409,964
409,978
410,876
410,978
410,1014
412,897
412,1014
413,88
413,236
413,409
413,410
413,500
413,646
413,674
413,762
413,845
413,869
413,883
413,897
413,996
414,415
414,871
415,652
415,906
415,978
419,266
419,646
420,84
420,111
420,117
420,119
420,121
420,185
420,197
420,237
420,253
420,266
420,267
420,269
420,337
420,342
420,409
420,449
420,542
420,550
420,576
420,580
420,593
420,644
420,698
420,902
420,922
420,950
420,962
420,985
421,626
421,823
423,102
423,244
423,368
423,369
423,405
423,696
423,703
423,751
423,752
423,795
423,879
423,903
424,104
424,117
424,135
424,154
424,182
424,203
424,237
424,248
424,272
424,289
424,301
424,322
424,355
424,356
424,367
424,383
424,384
424,395
424,397
424,407
424,441
424,450
424,463
424,465
424,470
424,474
424,475
424,476
424,478
424,491
424,499
424,522
424,523
424,542
424,553
424,554
424,558
424,568
424,609
424,628
424,660
424,665
424,670
424,686
424,696
424,698
424,701
424,708
424,721
424,729
424,734
424,761
424,763
424,768
424,798
424,802
424,803
424,813
424,820
424,828
424,836
424,851
424,863
424,865
424,868
424,871
424,876
424,878
424,885
424,912
424,922
424,925
424,927
424,949
424,965
425,10
425,362
425,377
425,383
425,393
425,398
425,399
425,405
425,409
425,450
425,517
425,522
425,553
425,574
425,576
425,666
425,684
425,698
425,699
425,773
425,813
425,818
425,835
425,871
425,883
425,889
425,898
425,901
425,919
425,1011
426,609
427,117
427,121
427,144
427,303
427,392
427,408
427,413
427,530
427,561
427,692
427,702
427,885
427,897
428,468
428,653
428,769
428,795
429,81
429,86
429,99
429,101
429,175
429,197
429,236
429,237
429,238
429,253
429,290
429,337
429,338
429,342
429,351
429,355
429,356
429,368
429,383
429,388
429,389
429,392
429,393
429,398
429,399
429,405
429,409
429,431
429,475
429,510
429,518
429,519
429,522
429,524
429,541
429,552
429,566
429,589
429,591
429,592
429,608
429,619
429,623
429,638
429,642
429,649
429,650
429,653
429,654
429,679
429,684
429,692
429,697
429,700
429,703
429,706
429,708
429,715
429,717
429,727
429,747
429,787
429,813
429,834
429,839
429,882
429,883
429,889
429,917
429,928
429,941
429,964
429,980
429,999
429,1007
429,1010
429,1014
430,581
430,653
430,708
431,181
431,266
431,290
431,292
431,342
431,344
431,392
431,409
431,413
431,475
431,491
431,518
431,592
431,619
431,631
431,644
431,645
431,648
431,650
431,652
431,692
431,698
431,704
431,772
431,812
431,834
431,854
431,869
431,883
431,894
431,897
431,904
431,925
433,434
433,795
434,858
435,177
435,405
435,619
435,709
436,99
436,253
436,638
436,834
437,175
437,337
437,341
437,405
437,554
437,570
437,585
437,639
437,642
437,703
437,874
437,879
438,177
438,284
438,299
438,375
438,381
438,405
438,439
438,530
438,720
438,772
438,883
438,954
439,500
439,567
439,637
439,813
439,883
439,931
439,964
440,383
440,732
440,783
441,266
441,337
441,478
441,482
441,484
441,532
441,755
442,94
442,570
444,651
445,266
445,331
445,497
445,989
446,267
446,480
446,493
446,494
446,521
446,868
446,914
447,337
447,795
447,904
448,266
448,337
448,397
448,985
449,94
449,119
449,181
449,290
449,344
449,392
449,497
449,593
449,644
449,645
449,652
449,795
449,893
450,174
450,175
450,196
450,232
450,236
450,253
450,266
450,267
450,330
450,356
450,359
450,383
450,392
450,393
450,395
450,399
450,409
450,478
450,522
450,524
450,532
450,561
450,580
450,581
450,596
450,631
450,634
450,635
450,638
450,639
450,641
450,644
450,648
450,652
450,663
450,698
450,703
450,708
450,732
450,772
450,773
450,840
450,846
450,871
450,872
450,876
450,879
450,892
450,894
450,907
450,912
450,922
450,970
450,985
450,1002
450,1005
452,753
452,994
453,580
453,861
454,500
455,656
456,383
456,593
456,595
456,642
456,1020
457,383
457,399
458,393
458,399
458,418
458,597
458,695
458,724
459,383
459,390
459,393
459,399
459,418
459,574
459,928
459,989
459,993
461,311
461,648
461,829
462,135
462,463
463,104
463,135
463,468
463,772
463,779
463,985
465,266
465,399
465,405
465,411
465,478
465,589
466,467
466,502
467,479
467,990
468,581
468,703
469,500
469,638
470,471
471,795
472,104
472,345
472,993
475,181
475,188
475,196
475,233
475,405
475,407
475,409
475,480
475,589
475,706
475,717
475,779
475,886
475,922
475,953
476,405
478,93
478,406
478,411
478,531
478,712
478,820
478,907
480,238
480,311
480,337
480,405
480,586
480,667
480,829
480,847
480,876
482,101
482,337
482,351
483,405
483,415
483,454
483,964
484,409
484,588
484,802
490,333
491,407
491,454
491,531
491,667
491,906
491,907
491,927
493,494
493,652
493,741
493,779
493,906
496,990
499,418
499,632
499,907
500,237
500,907
507,453
507,660
507,864
508,186
508,266
508,563
508,573
508,619
508,646
508,751
508,754
509,662
509,704
509,814
509,829
510,196
510,390
510,404
510,500
510,511
510,522
510,523
510,545
510,563
510,570
510,577
510,586
510,721
510,833
510,854
510,982
510,990
510,1019
511,86
511,103
511,105
511,390
511,500
511,523
511,545
511,574
511,577
511,743
511,837
511,982
511,1019
512,404
512,500
512,577
512,982
513,99
513,100
513,117
513,330
513,383
513,437
513,553
513,665
513,834
513,835
513,854
513,1002
514,65
514,196
514,250
514,359
514,370
514,472
514,517
514,530
514,567
514,578
514,584
514,748
515,266
515,552
515,579
516,65
516,320
516,446
516,722
516,854
516,914
516,927
516,960
518,181
518,344
518,392
518,586
518,644
518,893
519,519
519,656
520,181
520,253
520,475
520,494
520,521
520,532
520,578
520,580
520,638
520,698
520,732
520,829
520,894
520,971
521,181
521,266
521,494
521,532
521,732
521,829
521,883
522,28
522,64
522,65
522,233
522,253
522,330
522,332
522,337
522,351
522,392
522,395
522,399
522,405
522,407
522,409
522,475
522,491
522,531
522,570
522,579
522,638
522,641
522,650
522,654
522,662
522,701
522,704
522,709
522,723
522,767
522,768
522,773
522,868
522,871
522,886
522,951
522,952
522,964
522,1002
523,266
523,491
523,500
523,585
523,883
523,983
524,64
524,266
524,475
524,580
524,721
524,883
524,894
524,985
525,405
526,930
528,405
528,472
528,935
528,1020
529,763
529,993
530,237
531,407
531,650
531,668
532,820
532,876
535,187
535,311
535,334
535,421
535,662
535,702
535,815
535,816
535,829
536,549
537,538
538,528
538,603
538,625
538,732
538,748
538,813
539,99
539,111
539,117
539,177
539,187
539,189
539,266
539,267
539,324
539,337
539,383
539,389
539,392
539,398
539,483
539,553
539,578
539,579
539,582
539,593
539,596
539,645
539,702
539,829
539,834
539,854
539,883
539,1020
540,223
540,393
540,692
541,117
541,302
541,324
541,380
541,409
541,457
541,460
541,478
541,524
541,591
541,609
541,619
541,729
541,779
541,834
541,851
541,960
542,29
542,64
542,99
542,112
542,117
542,124
542,125
542,135
542,140
542,177
542,178
542,182
542,185
542,253
542,287
542,333
542,337
542,344
542,356
542,368
542,369
542,394
542,432
542,454
542,463
542,465
542,476
542,480
542,494
542,531
542,553
542,554
542,555
542,561
542,581
542,593
542,595
542,628
542,631
542,632
542,638
542,646
542,682
542,768
542,844
542,847
542,879
542,922
542,925
542,950
542,962
542,998
542,1003
543,189
544,390
544,500
544,523
544,577
544,648
544,833
544,982
545,390
545,404
545,491
545,522
545,523
545,577
545,581
545,585
545,852
545,854
545,868
545,982
546,324
546,667
547,369
547,593
547,644
547,653
549,99
549,383
549,834
549,882
549,950
549,958
550,117
550,369
550,621
550,960
551,472
551,522
551,664
552,103
552,119
552,337
552,478
552,483
552,522
552,554
552,558
552,563
552,564
552,565
552,648
552,679
552,703
552,764
552,829
552,848
552,854
552,858
552,960
552,971
553,8
553,65
553,86
553,101
553,125
553,175
553,236
553,253
553,292
553,300
553,324
553,330
553,346
553,351
553,383
553,389
553,390
553,394
553,399
553,405
553,407
553,457
553,459
553,483
553,493
553,522
553,532
553,570
553,574
553,575
553,582
553,589
553,626
553,632
553,638
553,643
553,699
553,704
553,706
553,717
553,742
553,784
553,795
553,844
553,882
553,883
553,885
553,888
553,892
553,905
553,906
553,911
553,945
553,953
553,960
553,964
553,1012
553,1020
554,92
554,116
554,125
554,142
554,181
554,182
554,185
554,186
554,238
554,311
554,316
554,337
554,356
554,380
554,388
554,405
554,408
554,416
554,440
554,447
554,448
554,468
554,524
554,566
554,580
554,697
554,703
554,715
554,738
554,789
554,799
554,843
554,848
554,879
554,905
554,911
554,912
554,922
554,942
554,980
554,987
555,140
555,145
555,253
555,266
555,337
555,638
555,732
555,795
556,121
556,238
556,413
556,443
556,459
556,524
556,732
556,847
556,848
557,399
557,631
557,639
557,885
557,989
558,337
558,816
558,848
559,317
559,960
559,1005
560,399
560,405
561,181
561,224
561,266
561,395
561,404
561,563
561,564
561,565
561,596
561,762
561,1005
562,595
562,665
562,699
562,706
562,1020
563,232
563,266
563,341
563,392
563,523
563,530
563,581
563,699
563,732
563,829
564,266
564,267
564,338
564,341
564,567
564,580
564,732
564,985
565,182
565,185
565,224
565,337
565,341
565,344
565,581
565,879
566,181
566,185
566,186
566,253
566,337
566,341
566,405
566,493
566,522
566,576
566,581
566,638
566,642
566,647
566,653
566,703
566,763
566,879
566,903
566,920
566,922
566,954
567,472
567,579
567,648
568,77
568,330
568,390
568,393
568,399
568,405
568,495
568,523
568,526
568,665
568,849
569,577
570,65
570,224
570,253
570,330
570,392
570,399
570,407
570,475
570,528
570,531
570,579
570,644
570,701
570,720
570,768
570,795
570,886
571,266
571,398
572,179
573,526
573,928
573,1015
574,529
574,585
574,983
575,103
575,405
575,883
576,196
576,266
576,337
576,399
576,408
576,409
576,581
576,703
576,708
576,720
576,868
576,871
576,906
576,945
576,964
577,185
577,344
577,404
577,412
577,982
578,250
578,404
579,404
579,476
579,483
579,897
580,223
580,236
580,276
580,337
580,405
580,409
580,417
580,493
580,596
580,638
580,648
580,650
580,729
580,779
580,799
580,847
580,894
580,922
580,935
580,953
580,954
580,987
581,337
581,405
581,642
581,905
582,409
582,484
582,883
583,327
588,897
589,874
589,897
592,65
592,253
592,330
592,337
592,351
592,356
592,383
592,385
592,392
592,395
592,397
592,399
592,405
592,409
592,506
592,522
592,565
592,570
592,589
592,596
592,638
592,644
592,648
592,652
592,667
592,698
592,706
592,708
592,871
592,886
592,893
592,907
592,954
592,964
592,1002
593,224
593,379
593,398
593,399
593,405
593,409
593,412
593,562
593,563
593,566
593,580
593,581
593,595
593,696
593,698
593,703
593,879
593,893
593,925
594,383
594,392
594,405
595,253
595,266
595,392
595,405
595,566
595,576
595,580
595,581
595,638
595,639
595,642
595,696
595,703
595,795
595,879
595,925
596,236
596,349
596,399
596,409
596,475
596,496
596,532
596,653
596,715
596,829
596,847
596,876
596,972
597,897
600,42
600,99
600,100
600,102
600,103
600,104
600,142
600,150
600,183
600,196
600,232
600,237
600,248
600,303
600,324
600,328
600,342
600,355
600,369
600,393
600,397
600,409
600,410
600,416
600,424
600,425
600,437
600,472
600,480
600,500
600,513
600,531
600,542
600,546
600,558
600,565
600,579
600,593
600,607
600,609
600,616
600,621
600,647
600,648
600,662
600,666
600,683
600,689
600,698
600,713
600,767
600,772
600,813
600,829
600,834
600,836
600,847
600,848
600,863
600,874
600,876
600,883
600,910
600,922
600,939
600,964
600,970
600,990
600,1020
601,102
601,322
601,368
601,383
601,395
601,553
601,634
601,635
601,650
601,808
601,907
602,123
602,398
602,413
602,500
602,522
603,104
603,170
603,196
603,257
603,384
603,424
603,472
603,530
603,543
603,588
603,748
603,829
603,834
603,903
604,14
604,97
604,338
604,355
604,424
604,465
604,472
604,478
604,665
604,712
604,742
604,743
604,761
604,782
604,818
604,829
604,912
605,266
605,337
605,338
605,339
605,368
605,409
605,422
605,475
605,542
605,554
605,606
605,609
605,619
605,650
605,687
605,880
606,177
606,204
606,205
606,337
606,338
606,339
606,341
606,368
606,393
606,475
606,493
606,554
606,609
606,619
606,703
606,834
606,847
606,854
607,177
607,181
607,196
607,290
607,300
607,342
607,367
607,368
607,397
607,399
607,409
607,450
607,475
607,478
607,541
607,609
607,660
607,679
607,696
607,697
607,721
607,822
607,834
607,978
607,1002
608,392
608,398
608,399
608,409
608,522
608,552
608,554
608,571
608,642
608,653
608,721
608,727
608,832
608,885
609,223
609,253
609,292
609,324
609,337
609,341
609,342
609,349
609,368
609,392
609,404
609,408
609,409
609,411
609,414
609,415
609,430
609,475
609,493
609,521
609,532
609,561
609,591
609,638
609,640
609,703
609,706
609,741
609,779
609,834
609,876
609,906
609,978
609,995
610,337
610,338
610,353
610,368
610,393
610,395
610,406
610,522
610,554
610,692
610,698
610,704
610,708
610,834
610,871
610,889
610,1002
611,253
611,337
611,341
611,353
611,355
611,392
611,475
611,566
611,596
611,619
611,638
611,699
611,772
611,773
611,834
611,945
611,1014
612,374
612,398
612,475
612,706
612,834
612,842
613,56
614,253
614,368
614,393
614,458
614,551
614,638
614,854
615,392
616,177
616,253
616,290
616,353
616,356
616,409
616,443
616,448
616,493
616,619
616,638
616,703
616,773
616,808
616,876
616,907
616,932
617,346
617,392
617,619
617,688
617,692
617,706
617,758
617,795
618,88
618,99
618,311
618,356
618,389
618,409
618,413
618,500
618,662
618,667
618,698
618,813
618,815
618,829
618,854
618,978
619,11
619,29
619,64
619,69
619,86
619,173
619,180
619,189
619,222
619,223
619,249
619,271
619,291
619,311
619,346
619,356
619,379
619,380
619,383
619,390
619,399
619,405
619,407
619,408
619,409
619,412
619,457
619,459
619,465
619,471
619,491
619,522
619,524
619,572
619,577
619,588
619,589
619,592
619,621
619,629
619,632
619,636
619,638
619,639
619,665
619,666
619,691
619,692
619,698
619,701
619,750
619,756
619,795
619,796
619,818
619,819
619,834
619,874
619,875
619,883
619,894
619,896
619,898
619,899
619,942
619,944
619,951
619,959
619,964
619,1002
619,1004
620,196
620,306
620,413
620,740
620,907
621,187
621,238
621,337
621,356
621,453
621,566
621,592
621,637
621,639
621,695
621,703
621,751
621,879
621,882
621,903
621,925
622,383
622,839
622,891
623,393
623,398
623,409
623,843
624,181
624,465
624,570
624,668
624,914
625,337
625,813
626,383
627,253
627,450
627,638
627,668
627,849
627,897
628,330
628,337
628,572
628,668
628,1003
629,383
629,524
631,181
631,337
631,391
631,409
631,475
631,521
631,570
631,595
631,637
631,644
631,652
631,667
631,703
631,768
631,839
631,864
631,894
631,907
631,925
631,945
631,982
632,418
634,478
634,763
634,964
635,478
636,266
636,649
636,715
637,411
637,644
637,703
637,879
637,894
637,945
638,28
638,101
638,181
638,188
638,196
638,233
638,236
638,253
638,328
638,351
638,399
638,405
638,409
638,417
638,475
638,482
638,492
638,493
638,581
638,642
638,643
638,706
638,717
638,773
638,795
638,829
638,847
638,871
638,883
638,894
638,907
638,922
638,945
638,953
638,964
638,971
638,972
638,981
638,988
639,337
639,409
639,644
639,717
639,795
639,907
639,952
639,978
640,650
640,718
640,720
640,739
640,964
641,499
642,122
642,351
642,588
642,644
642,667
642,905
644,227
644,232
644,290
644,409
644,412
644,493
644,589
644,645
644,650
644,652
644,1002
645,290
645,293
645,407
645,652
646,829
647,238
648,232
648,418
648,653
648,978
649,916
650,653
650,886
650,907
650,1002
651,777
652,237
653,589
656,405
656,415
656,703
656,787
656,879
656,905
657,567
657,834
657,893
658,196
658,399
658,472
658,551
658,564
658,834
658,868
658,974
659,117
659,181
659,187
659,227
659,266
659,293
659,302
659,337
659,338
659,344
659,369
659,390
659,399
659,405
659,409
659,431
659,437
659,449
659,510
659,518
659,530
659,531
659,552
659,554
659,619
659,644
659,667
659,741
659,750
659,834
659,848
659,854
659,889
659,893
659,948
660,32
660,64
660,104
660,170
660,177
660,344
660,345
660,356
660,368
660,385
660,387
660,393
660,407
660,438
660,472
660,476
660,500
660,531
660,553
660,576
660,648
660,665
660,698
660,701
660,721
660,762
660,764
660,813
660,923
660,1013
661,68
661,685
662,237
663,28
663,292
663,356
663,393
663,397
663,399
663,409
663,413
663,579
663,641
663,813
663,829
663,868
663,912
663,922
664,567
665,65
665,95
665,103
665,104
665,250
665,714
666,337
666,883
667,237
667,409
667,532
667,729
667,779
667,954
669,67
669,90
669,117
669,119
669,292
669,356
669,377
669,389
669,409
669,429
669,592
669,596
669,608
669,611
669,639
669,644
669,648
669,649
669,650
669,652
669,653
669,655
669,692
669,698
669,700
669,751
669,803
669,821
669,834
669,837
669,840
669,875
669,883
669,886
669,906
669,907
669,950
670,580
670,643
670,689
670,721
670,747
670,766
670,858
670,879
670,883
671,177
671,196
671,356
671,392
671,561
671,587
671,592
671,702
671,802
671,815
671,829
671,879
674,716
674,726
678,17
678,86
678,117
678,308
678,391
678,392
678,398
678,405
678,409
678,425
678,520
678,553
678,589
678,592
678,663
678,687
678,698
678,715
678,755
678,815
678,834
678,844
679,668
681,86
681,253
681,266
681,267
681,318
681,321
681,343
681,346
681,378
681,383
681,405
681,409
681,414
681,522
681,553
681,592
681,638
681,684
681,699
681,704
681,730
681,826
681,834
681,842
681,882
681,883
681,901
681,948
681,964
681,1002
682,64
682,86
682,117
682,187
682,303
682,337
682,355
682,356
682,367
682,368
682,369
682,450
682,478
682,521
682,547
682,553
682,580
682,581
682,588
682,631
682,663
682,684
682,698
682,706
682,718
682,721
682,813
682,868
682,894
682,952
682,960
682,1002
684,64
684,69
684,70
684,86
684,99
684,101
684,176
684,177
684,187
684,224
684,233
684,253
684,292
684,330
684,337
684,341
684,351
684,355
684,365
684,368
684,383
684,390
684,392
684,398
684,399
684,405
684,408
684,409
684,412
684,414
684,450
684,455
684,458
684,459
684,513
684,519
684,522
684,524
684,546
684,553
684,570
684,571
684,592
684,616
684,619
684,626
684,638
684,642
684,644
684,653
684,667
684,698
684,699
684,704
684,708
684,717
684,720
684,731
684,732
684,737
684,742
684,755
684,787
684,799
684,834
684,842
684,846
684,852
684,882
684,883
684,894
684,895
684,919
684,945
684,952
684,961
684,971
684,985
684,1020
685,619
686,103
686,170
686,401
686,638
686,826
686,827
686,829
686,922
687,70
687,196
687,300
687,318
687,398
687,405
687,409
687,439
687,532
687,553
687,619
687,638
687,698
687,708
687,836
687,872
688,86
688,99
688,392
688,589
688,692
688,897
688,953
688,964
689,119
689,568
689,899
690,409
690,553
690,623
691,177
691,338
691,475
691,580
691,638
691,679
692,64
692,86
692,175
692,233
692,234
692,337
692,351
692,375
692,388
692,392
692,399
692,405
692,408
692,450
692,482
692,500
692,566
692,589
692,639
692,704
692,706
692,717
692,718
692,837
692,845
692,869
692,875
692,882
692,883
692,897
692,903
692,904
692,925
692,942
692,964
693,552
693,640
693,897
695,405
695,566
695,580
695,591
695,703
695,757
695,879
695,905
696,135
696,253
696,267
696,353
696,475
696,522
696,566
696,580
696,581
696,589
696,637
696,638
696,703
696,795
696,876
696,879
696,903
697,290
697,500
697,848
698,64
698,69
698,88
698,224
698,233
698,237
698,337
698,353
698,392
698,395
698,398
698,399
698,407
698,409
698,412
698,484
698,582
698,638
698,644
698,645
698,646
698,650
698,652
698,653
698,700
698,704
698,706
698,708
698,821
698,878
698,886
698,897
698,904
698,951
698,982
699,396
699,409
699,589
699,964
700,589
700,653
701,500
701,640
701,883
701,897
702,224
702,337
702,409
702,410
702,642
702,646
702,762
702,815
702,829
702,978
703,104
703,188
703,196
703,253
703,337
703,405
703,407
703,418
703,475
703,480
703,493
703,500
703,531
703,589
703,638
703,644
703,647
703,653
703,667
703,706
703,708
703,729
703,732
703,763
703,798
703,799
703,876
703,879
703,894
703,925
703,926
703,945
703,971
703,985
704,64
704,101
704,196
704,233
704,253
704,299
704,327
704,399
704,405
704,407
704,409
704,487
704,531
704,591
704,638
704,645
704,650
704,653
704,706
704,708
704,709
704,720
704,964
704,972
704,978
704,1002
706,236
706,290
706,330
706,405
706,409
706,589
706,653
706,662
706,868
706,883
706,897
706,899
707,1010
708,237
708,409
708,491
708,644
708,648
708,652
708,723
708,772
708,873
708,907
708,964
708,1002
709,897
710,896
710,897
712,632
712,822
712,829
712,978
715,632
715,653
715,803
717,94
717,101
717,351
717,720
717,907
718,500
718,875
718,1002
720,349
720,589
720,871
720,964
721,727
730,177
730,368
730,383
730,393
730,399
730,553
730,834
730,883
731,196
731,399
732,42
732,127
732,181
732,253
732,405
732,638
732,668
732,721
732,922
732,935
734,849
737,236
737,262
737,264
737,415
737,499
737,877
737,962
737,981
738,337
738,897
742,405
742,523
743,393
743,399
743,404
743,405
743,529
743,585
743,983
744,795
744,871
744,930
747,337
747,392
747,398
747,553
747,554
747,563
747,579
747,645
747,653
747,720
747,754
747,829
747,834
747,836
747,854
747,869
747,883
747,907
747,971
747,999
748,404
748,410
748,472
748,521
748,565
748,578
748,854
749,706
750,392
750,829
750,886
750,954
750,978
751,125
751,279
751,337
751,356
751,405
751,412
751,562
751,573
751,645
751,752
751,754
751,815
751,962
751,971
752,238
752,337
752,338
752,393
752,815
752,954
753,562
754,500
754,532
754,562
754,573
754,869
755,175
755,290
755,308
755,311
755,332
755,380
755,389
755,393
755,399
755,409
755,478
755,578
755,579
755,638
755,649
755,706
755,762
755,829
755,839
755,1020
756,253
756,383
756,399
756,405
756,594
756,638
757,383
759,816
761,708
762,897
764,267
764,328
764,702
764,720
764,883
764,897
764,907
764,922
766,9
766,64
766,388
766,640
766,649
766,720
766,799
766,964
767,101
767,395
767,589
767,826
767,871
768,181
768,266
768,704
768,729
768,883
769,135
769,468
769,864
772,290
772,500
772,652
772,773
773,589
773,802
774,500
779,591
779,906
780,522
782,897
783,732
783,897
785,497
786,249
787,383
787,393
787,399
787,905
788,484
792,104
793,500
793,772
793,773
793,795
793,962
795,251
795,349
795,432
795,489
795,496
795,498
795,503
795,673
795,714
795,762
795,775
795,807
795,871
795,876
795,883
795,917
795,922
795,937
795,963
795,964
795,978
795,1005
799,653
801,59
802,777
803,1014
810,253
810,500
810,554
810,638
810,925
811,500
812,392
812,393
812,397
812,409
812,662
812,667
812,697
812,813
812,816
812,829
813,181
813,182
813,292
813,338
813,384
813,392
813,405
813,409
813,476
813,563
813,579
813,662
813,735
813,829
813,876
813,885
814,88
814,89
814,500
814,634
814,815
814,820
815,337
815,500
815,816
815,829
815,869
815,972
816,500
816,829
820,237
824,102
824,117
824,212
824,355
824,500
824,603
824,619
824,649
824,684
824,802
824,816
824,852
824,868
824,882
825,104
825,424
825,484
825,563
825,582
825,669
825,729
825,755
825,880
825,951
826,720
826,827
826,874
829,237
829,532
829,818
829,822
830,704
831,99
831,322
831,392
831,619
831,882
831,993
832,86
832,509
832,684
832,698
832,703
832,834
832,871
833,506
833,576
833,854
833,922
834,64
834,65
834,69
834,70
834,78
834,86
834,99
834,100
834,101
834,125
834,175
834,176
834,177
834,196
834,233
834,234
834,243
834,266
834,267
834,277
834,293
834,299
834,308
834,324
834,325
834,327
834,337
834,346
834,351
834,353
834,374
834,375
834,378
834,381
834,382
834,383
834,390
834,392
834,393
834,395
834,398
834,399
834,401
834,405
834,406
834,407
834,408
834,409
834,418
834,438
834,455
834,457
834,458
834,459
834,475
834,482
834,483
834,491
834,514
834,519
834,521
834,522
834,524
834,528
834,531
834,551
834,553
834,554
834,570
834,571
834,576
834,579
834,580
834,583
834,589
834,592
834,626
834,627
834,638
834,641
834,642
834,648
834,650
834,663
834,696
834,698
834,700
834,701
834,703
834,704
834,706
834,708
834,712
834,717
834,720
834,731
834,735
834,746
834,748
834,756
834,759
834,767
834,769
834,782
834,787
834,795
834,813
834,836
834,837
834,844
834,854
834,884
834,892
834,898
834,912
834,930
834,942
834,952
834,953
834,954
834,978
834,1011
834,1020
835,356
835,405
835,437
835,520
835,639
836,311
836,337
836,349
836,356
836,374
836,394
836,397
836,398
836,402
836,409
836,449
836,450
836,478
836,580
836,582
836,589
836,638
836,683
836,698
836,813
836,829
836,869
836,878
836,883
836,922
836,964
836,969
837,86
837,377
837,465
837,638
837,849
837,897
839,276
839,391
839,392
839,398
839,409
839,653
839,980
840,639
841,181
841,328
841,337
841,925
842,196
842,197
842,233
842,234
842,399
842,795
842,964
843,337
843,715
844,101
845,500
845,897
846,253
846,337
846,638
846,703
848,238
848,266
848,332
848,337
848,410
848,472
848,480
848,483
848,662
848,679
848,732
848,829
848,846
848,893
848,954
848,990
850,229
850,502
850,707
850,801
850,802
850,988
851,117
851,188
851,290
851,324
851,342
851,367
851,368
851,375
851,389
851,413
851,414
851,460
851,475
851,478
851,521
851,524
851,532
851,558
851,576
851,596
851,609
851,682
851,698
851,706
851,810
851,813
851,868
851,912
852,213
852,236
852,302
852,356
852,368
852,383
852,399
852,409
852,413
852,475
852,476
852,553
852,571
852,581
852,596
852,639
852,649
852,653
852,699
852,715
852,847
852,868
852,922
853,338
853,341
853,554
853,566
853,642
853,655
853,703
854,71
854,233
854,267
854,271
854,390
854,398
854,410
854,480
854,492
854,509
854,518
854,521
854,523
854,554
854,558
854,561
854,563
854,565
854,568
854,570
854,578
854,579
854,592
854,642
854,646
854,647
854,648
854,750
854,755
854,836
854,848
854,868
854,879
854,914
854,943
854,971
854,993
856,188
856,383
857,858
858,9
858,653
858,848
858,850
858,897
859,266
859,497
859,580
860,646
862,266
862,399
862,642
863,897
864,580
864,581
864,638
864,795
864,954
865,710
867,897
868,648
869,897
869,978
871,589
871,964
876,237
877,790
878,213
878,815
879,188
879,337
879,405
879,493
879,642
879,655
879,802
879,829
879,905
879,926
879,954
880,134
880,253
880,311
880,337
880,368
880,384
880,395
880,475
880,531
880,542
880,552
880,576
880,611
880,652
880,697
880,702
880,789
880,868
880,876
880,1012
881,185
881,253
881,405
881,720
881,964
881,975
882,64
882,86
882,101
882,175
882,177
882,188
882,233
882,234
882,243
882,338
882,341
882,351
882,353
882,374
882,378
882,392
882,521
882,522
882,594
882,642
882,698
882,703
882,713
882,717
882,739
882,756
882,763
882,772
882,793
882,862
882,868
882,871
882,897
882,907
882,925
882,926
882,927
882,951
882,1002
883,237
883,276
883,405
883,409
883,642
883,644
883,645
883,652
883,674
883,712
883,718
883,724
883,727
883,829
883,875
883,898
883,952
883,964
883,978
884,390
884,399
884,405
884,459
884,574
884,703
884,989
885,174
885,499
885,727
887,102
887,193
887,198
887,301
887,368
887,407
887,415
887,522
887,531
887,687
887,698
887,882
887,901
887,973
888,1014
889,181
889,290
889,318
889,337
889,341
889,342
889,344
889,356
889,368
889,369
889,392
889,398
889,403
889,409
889,431
889,449
889,475
889,518
889,522
889,553
889,570
889,592
889,593
889,611
889,612
889,619
889,644
889,645
889,648
889,652
889,684
889,703
889,706
889,715
889,772
889,836
889,837
889,893
889,901
889,903
889,922
889,948
890,390
890,399
890,404
890,415
890,491
890,523
890,577
890,721
890,754
890,854
890,897
890,982
890,1019
891,623
891,813
891,839
891,999
892,253
892,475
892,638
892,701
892,706
893,181
893,266
893,290
893,344
893,409
893,644
893,645
893,652
893,708
893,772
893,1002
894,94
894,181
894,337
894,407
894,644
894,667
894,708
894,907
894,1002
895,101
895,351
895,383
895,554
895,638
895,641
895,703
895,837
896,500
897,633
898,964
899,802
899,873
900,99
900,102
900,183
900,342
900,355
900,409
900,437
900,531
900,565
900,593
900,609
900,616
900,621
900,662
900,713
900,829
900,834
900,836
900,848
900,874
900,922
900,949
900,970
900,972
901,86
901,99
901,177
901,233
901,234
901,253
901,300
901,323
901,379
901,383
901,387
901,392
901,435
901,475
901,522
901,553
901,560
901,570
901,592
901,620
901,638
901,706
901,883
901,919
901,978
902,181
902,266
902,267
902,580
902,638
902,703
902,894
902,985
902,1020
903,186
903,238
903,338
903,405
903,642
903,703
903,802
903,905
903,920
903,954
904,135
904,185
904,409
904,463
904,487
904,589
904,708
904,907
906,591
908,236
908,276
908,409
908,418
908,500
908,692
908,700
908,704
908,764
908,871
908,876
908,942
909,105
909,253
909,266
909,858
910,117
910,127
910,133
910,135
910,182
910,184
910,185
910,186
910,188
910,189
910,232
910,237
910,266
910,303
910,337
910,338
910,341
910,342
910,343
910,344
910,368
910,369
910,395
910,405
910,407
910,415
910,437
910,475
910,521
910,522
910,532
910,554
910,593
910,595
910,619
910,631
910,635
910,637
910,639
910,642
910,652
910,696
910,703
910,711
910,829
910,836
910,848
910,868
910,879
910,889
910,905
910,926
910,946
910,960
911,722
912,232
912,238
912,253
912,266
912,267
912,337
912,397
912,475
912,476
912,483
912,484
912,580
912,638
912,653
912,701
912,732
912,876
912,897
912,922
912,945
912,972
912,985
914,586
915,916
915,917
916,917
918,555
918,801
918,910
919,383
919,392
919,514
919,553
919,626
919,706
919,802
919,834
919,872
920,405
920,879
922,237
922,334
922,337
922,822
922,876
922,907
922,978
923,177
923,390
923,516
923,722
923,813
923,854
924,472
924,803
925,337
925,454
925,644
925,706
925,708
925,772
925,906
927,407
927,531
928,802
929,99
929,117
929,376
929,390
929,882
932,741
932,933
934,500
934,721
934,843
935,955
936,99
936,102
936,224
936,356
936,368
936,424
936,450
936,475
936,596
936,603
936,627
936,639
936,684
936,703
936,795
936,820
936,836
936,851
936,876
939,49
939,183
939,196
939,280
939,324
939,342
939,355
939,389
939,392
939,409
939,413
939,429
939,431
939,437
939,500
939,531
939,552
939,565
939,593
939,604
939,609
939,616
939,621
939,662
939,689
939,692
939,713
939,847
939,848
939,876
939,883
939,897
939,922
939,970
940,66
940,70
940,265
940,266
940,402
940,553
940,734
940,772
940,960
941,103
941,311
941,375
941,389
941,441
941,450
941,532
941,689
941,702
941,747
941,967
942,465
943,405
943,472
943,521
945,548
945,588
945,773
945,883
945,907
946,188
946,337
946,580
947,399
947,476
947,852
948,181
948,290
948,342
948,344
948,368
948,369
948,392
948,398
948,409
948,431
948,449
948,493
948,518
948,592
948,611
948,612
948,619
948,644
948,645
948,652
948,704
948,706
948,721
948,772
948,834
948,882
948,893
949,500
949,520
951,232
951,237
951,332
951,480
951,667
951,703
951,729
952,238
952,589
952,668
953,418
954,763
954,990
957,946
958,337
958,556
959,86
959,145
959,341
959,392
959,399
959,829
959,847
959,850
959,883
959,897
959,964
960,65
960,115
960,236
960,266
960,311
960,388
960,391
960,392
960,398
960,405
960,408
960,409
960,476
960,486
960,584
960,596
960,646
960,702
960,706
960,781
960,803
960,815
960,829
960,845
960,883
960,886
960,980
960,996
961,409
961,738
961,897
962,201
962,728
962,795
962,1002
962,1005
964,503
966,377
966,570
966,674
966,837
966,897
967,266
967,290
967,325
967,450
967,478
967,500
967,518
967,520
967,521
967,532
967,702
967,732
967,815
967,834
969,409
970,392
970,847
970,848
970,971
971,287
972,500
973,368
973,491
973,890
973,927
973,993
974,196
976,414
979,334
979,472
979,514
980,885
980,925
980,1010
981,723
982,185
982,330
982,344
982,404
982,587
983,763
983,993
985,236
985,405
985,581
985,795
989,40
994,315
994,562
994,753
995,290
995,409
995,414
995,493
995,668
995,802
998,29
998,92
998,117
998,185
998,344
998,796
998,834
999,119
999,292
999,337
999,356
999,374
999,398
999,554
999,703
999,708
999,839
999,883
999,945
999,1009
1000,1001
1002,802
1002,907
1003,646
1003,679
1003,960
1004,236
1004,522
1004,570
1004,962
1006,266
1006,267
1006,552
1006,576
1006,592
1006,985
1007,389
1007,391
1007,392
1007,398
1007,596
1007,631
1007,839
1007,894
1007,980
1009,71
1009,277
1009,289
1009,337
1009,356
1009,374
1009,384
1009,391
1009,407
1009,454
1009,570
1009,637
1009,656
1009,663
1009,706
1009,841
1009,907
1009,980
1011,733
1011,793
1011,847
1013,922
1013,960
1014,802
1015,249
1015,486
1019,648
1020,349
1020,351
1020,532
1020,589
1020,710
1020,717
